match_id;match_date;kick_off;home_score;away_score;match_status;match_status_360;last_updated;last_updated_360;match_week;competition_id;country_name;competition_name;season_id;season_name;home_team_id;home_team_name;home_team_gender;home_team_group;home_team_country_id;home_team_country_name;home_team_managers_id;home_team_managers_name;home_team_managers_nickname;home_team_managers_dob;home_team_managers_country_id;home_team_managers_country_name;away_team_id;away_team_name;away_team_gender;away_team_group;away_team_country_id;away_team_country_name;away_team_managers_id;away_team_managers_name;away_team_managers_nickname;away_team_managers_dob;away_team_managers_country_id;away_team_managers_country_name;metadata_data_version;metadata_shot_fidelity_version;metadata_xy_fidelity_version;competition_stage_id;competition_stage_name;stadium_id;stadium_name;stadium_country_id;stadium_country_name;referee_id;referee_name;referee_country_id;referee_country_name;match_name;url_foto_arbitro;url_foto_entrenador_local;url_foto_entrenador_visitante;url_foto_estadio;Logo_Home;Color_Home;Logo_Visit;Color_Visit
3930166;18/06/2024;18/06/2024 19:00;2;1;available;available;01/05/2026 19:52;01/05/2026 19:56;1;55;Europe;UEFA Euro;282;2024;780;Portugal;male;;183;Portugal;263;Roberto Martínez Montoliú;Roberto Martínez;13/07/1973;214;Spain;912;Czech Republic;male;;60;Czech Republic;1000468;Ivan Hašek;Ivan Hašek;06/09/1963;60;Czech Republic;110;2;2;10;Group Stage;376;Red Bull Arena;85;Germany;261;Marco Guida;112;Italy;Portugal vs. Czech Republic;https://img.a.transfermarkt.technology/portrait/header/r_3408_75_2012_1.jpg;https://img.a.transfermarkt.technology/portrait/header/4328-1673266584.jpg;https://img.a.transfermarkt.technology/portrait/header/3263-1716966419.jpg;https://upload.wikimedia.org/wikipedia/commons/thumb/c/ca/Leipzig_stadium.jpg/960px-Leipzig_stadium.jpg;https://tmssl.akamaized.net//images/wappen/homepageWappen150x150/3300.png?lm=1622018324;Red;https://tmssl.akamaized.net//images/wappen/homepageWappen150x150/3445.png?lm=1622017760;LimeGreen
3938642;22/06/2024;22/06/2024 13:00;1;1;available;available;01/05/2026 9:31;01/05/2026 9:32;2;55;Europe;UEFA Euro;282;2024;2138;Georgia;male;;84;Georgia;752;Willy Sagnol;Willy Sagnol;18/03/1977;78;France;912;Czech Republic;male;;60;Czech Republic;1000468;Ivan Hašek;Ivan Hašek;06/09/1963;60;Czech Republic;110;2;2;10;Group Stage;379;Volksparkstadion;85;Germany;225;Daniel Siebert;85;Germany;Georgia vs. Czech Republic;https://img.a.transfermarkt.technology/portrait/header/732-1544186403.jpg;https://img.a.transfermarkt.technology/portrait/header/12806-1716542795.jpg;https://img.a.transfermarkt.technology/portrait/header/3263-1716966419.jpg;https://upload.wikimedia.org/wikipedia/commons/thumb/d/de/RK_1009_9831_Volksparkstadion.jpg/960px-RK_1009_9831_Volksparkstadion.jpg;https://tmssl.akamaized.net//images/wappen/homepageWappen150x150/3669.png?lm=1687622148;Red;https://tmssl.akamaized.net//images/wappen/homepageWappen150x150/3445.png?lm=1622017760;LimeGreen
3930160;15/06/2024;15/06/2024 16:00;3;0;available;available;01/05/2026 19:45;01/05/2026 19:46;1;55;Europe;UEFA Euro;282;2024;772;Spain;male;;214;Spain;5588;Luis de la Fuente Castillo;Luis de la Fuente;21/06/1961;214;Spain;785;Croatia;male;;56;Croatia;307;Zlatko Dalić;Zlatko Dalić;26/10/1966;56;Croatia;110;2;2;10;Group Stage;367;Olympiastadion Berlin;85;Germany;1;Michael Oliver;68;England;Spain vs. Croatia;https://img.a.transfermarkt.technology/portrait/header/902-1682343711.jpg;https://img.a.transfermarkt.technology/portrait/header/20031-1697644064.jpg;https://img.a.transfermarkt.technology/portrait/header/2711-1669199027.jpg;https://upload.wikimedia.org/wikipedia/commons/thumb/8/81/Olympiastadion_Berlin_Sep-2015.jpg/960px-Olympiastadion_Berlin_Sep-2015.jpg;https://tmssl.akamaized.net//images/wappen/homepageWappen150x150/3375.png?lm=1616885373;Red;https://tmssl.akamaized.net//images/wappen/homepageWappen150x150/3556.png?lm=1622018504;Navy
3938644;26/06/2024;26/06/2024 19:00;2;0;available;available;01/05/2026 9:33;01/05/2026 9:35;3;55;Europe;UEFA Euro;282;2024;2138;Georgia;male;;84;Georgia;752;Willy Sagnol;Willy Sagnol;18/03/1977;78;France;780;Portugal;male;;183;Portugal;263;Roberto Martínez Montoliú;Roberto Martínez;13/07/1973;214;Spain;110;2;2;10;Group Stage;370;VELTINS-Arena;85;Germany;116;Sandro Schärer;221;Switzerland;Georgia vs. Portugal;https://img.a.transfermarkt.technology/portrait/header/4793-1758471638.jpg;https://img.a.transfermarkt.technology/portrait/header/12806-1716542795.jpg;https://img.a.transfermarkt.technology/portrait/header/4328-1673266584.jpg;https://upload.wikimedia.org/wikipedia/commons/thumb/c/cd/2025-05-18_S04-SVE_%2806%29.jpg/960px-2025-05-18_S04-SVE_%2806%29.jpg;https://tmssl.akamaized.net//images/wappen/homepageWappen150x150/3669.png?lm=1687622148;Red;https://tmssl.akamaized.net//images/wappen/homepageWappen150x150/3300.png?lm=1622018324;White
3930174;22/06/2024;22/06/2024 16:00;0;3;available;available;01/05/2026 19:53;01/05/2026 19:55;2;55;Europe;UEFA Euro;282;2024;909;Turkey;male;;233;Turkey;232;Vincenzo Montella;Vincenzo Montella;18/06/1974;112;Italy;780;Portugal;male;;183;Portugal;263;Roberto Martínez Montoliú;Roberto Martínez;13/07/1973;214;Spain;110;2;2;10;Group Stage;373;Signal-Iduna-Park;85;Germany;241;Felix Zwayer;85;Germany;Turkey vs. Portugal;https://img.a.transfermarkt.technology/portrait/header/124-1581064353.jpg;https://img.a.transfermarkt.technology/portrait/header/11795-1774434145.png;https://img.a.transfermarkt.technology/portrait/header/4328-1673266584.jpg;https://upload.wikimedia.org/wikipedia/commons/thumb/1/13/Signal_iduna_park_stadium_dortmund_4.jpg/960px-Signal_iduna_park_stadium_dortmund_4.jpg;https://tmssl.akamaized.net//images/wappen/homepageWappen150x150/3381.png?lm=1410168898;Red;https://tmssl.akamaized.net//images/wappen/homepageWappen150x150/3300.png?lm=1622018324;White
3943043;14/07/2024;14/07/2024 19:00;2;1;available;available;29/04/2026 1:45;29/04/2026 1:48;7;55;Europe;UEFA Euro;282;2024;772;Spain;male;;214;Spain;5588;Luis de la Fuente Castillo;Luis de la Fuente;21/06/1961;214;Spain;768;England;male;;68;England;277;Gareth Southgate;Gareth Southgate;03/09/1970;68;England;110;2;2;26;Final;367;Olympiastadion Berlin;85;Germany;79;François Letexier;78;France;Spain vs. England;https://img.a.transfermarkt.technology/portrait/header/14311-1696540465.jpg;https://img.a.transfermarkt.technology/portrait/header/20031-1697644064.jpg;https://img.a.transfermarkt.technology/portrait/header/3358-1528450702.jpg;https://upload.wikimedia.org/wikipedia/commons/thumb/8/81/Olympiastadion_Berlin_Sep-2015.jpg/960px-Olympiastadion_Berlin_Sep-2015.jpg;https://tmssl.akamaized.net//images/wappen/homepageWappen150x150/3375.png?lm=1616885373;Red;https://tmssl.akamaized.net//images/wappen/homepageWappen150x150/3299.png?lm=1622017648;#4D294C
3930163;16/06/2024;16/06/2024 19:00;0;1;available;available;01/05/2026 19:48;01/05/2026 19:49;1;55;Europe;UEFA Euro;282;2024;786;Serbia;male;;203;Serbia;5908;Dragan Stojković;Dragan Stojković;03/03/1965;203;Serbia;768;England;male;;68;England;277;Gareth Southgate;Gareth Southgate;03/09/1970;68;England;110;2;2;10;Group Stage;370;VELTINS-Arena;85;Germany;269;Daniele Orsato;112;Italy;Serbia vs. England;https://img.a.transfermarkt.technology/portrait/header/r_906_75_2012_1.jpg;https://img.a.transfermarkt.technology/portrait/header/5528-1716240439.jpg;https://img.a.transfermarkt.technology/portrait/header/3358-1528450702.jpg;https://upload.wikimedia.org/wikipedia/commons/thumb/c/cd/2025-05-18_S04-SVE_%2806%29.jpg/960px-2025-05-18_S04-SVE_%2806%29.jpg;https://tmssl.akamaized.net//images/wappen/homepageWappen150x150/3438.png?lm=1410170856;Red;https://tmssl.akamaized.net//images/wappen/homepageWappen150x150/3299.png?lm=1622017648;#4D294C
3942819;10/07/2024;10/07/2024 19:00;1;2;available;available;29/04/2026 1:44;29/04/2026 1:45;6;55;Europe;UEFA Euro;282;2024;941;Netherlands;male;;160;Netherlands;676;Ronald Koeman;Ronald Koeman;21/03/1963;160;Netherlands;768;England;male;;68;England;277;Gareth Southgate;Gareth Southgate;03/09/1970;68;England;110;2;2;15;Semi-finals;373;Signal-Iduna-Park;85;Germany;241;Felix Zwayer;85;Germany;Netherlands vs. England;https://img.a.transfermarkt.technology/portrait/header/124-1581064353.jpg;https://img.a.transfermarkt.technology/portrait/header/439-1602054396.jpg;https://img.a.transfermarkt.technology/portrait/header/3358-1528450702.jpg;https://upload.wikimedia.org/wikipedia/commons/thumb/1/13/Signal_iduna_park_stadium_dortmund_4.jpg/960px-Signal_iduna_park_stadium_dortmund_4.jpg;https://tmssl.akamaized.net//images/wappen/homepageWappen150x150/3379.png?lm=1622017585;#FF4F00;https://tmssl.akamaized.net//images/wappen/homepageWappen150x150/3299.png?lm=1622017648;#4D294C
3942752;09/07/2024;09/07/2024 19:00;2;1;available;available;29/04/2026 1:43;29/04/2026 1:46;6;55;Europe;UEFA Euro;282;2024;772;Spain;male;;214;Spain;5588;Luis de la Fuente Castillo;Luis de la Fuente;21/06/1961;214;Spain;771;France;male;;78;France;545;Didier Deschamps;Didier Deschamps;15/10/1968;78;France;110;2;2;15;Semi-finals;4867;Allianz Arena;85;Germany;943;Slavko Vinčić;208;Slovenia;Spain vs. France;https://img.a.transfermarkt.technology/portrait/header/1931-1669125075.jpg;https://img.a.transfermarkt.technology/portrait/header/20031-1697644064.jpg;https://img.a.transfermarkt.technology/portrait/header/1229-1564582636.jpg;https://upload.wikimedia.org/wikipedia/commons/thumb/d/dc/Allianz_Arena_%28Bayern_Munich%29.jpg/960px-Allianz_Arena_%28Bayern_Munich%29.jpg;https://tmssl.akamaized.net//images/wappen/homepageWappen150x150/3375.png?lm=1616885373;Red;https://tmssl.akamaized.net//images/wappen/homepageWappen150x150/3377.png?lm=1622018076;White
3938637;16/06/2024;16/06/2024 13:00;1;2;available;available;01/05/2026 9:26;01/05/2026 9:28;1;55;Europe;UEFA Euro;282;2024;789;Poland;male;;182;Poland;363;Michał Probierz;Michał Probierz;24/09/1972;182;Poland;941;Netherlands;male;;160;Netherlands;676;Ronald Koeman;Ronald Koeman;21/03/1963;160;Netherlands;110;2;2;10;Group Stage;379;Volksparkstadion;85;Germany;2445;Artur Manuel Ribeiro Soares Dias;183;Portugal;Poland vs. Netherlands;https://img.a.transfermarkt.technology/portrait/header/186-1426003836.jpg;https://img.a.transfermarkt.technology/portrait/header/3623-1695204485.jpg;https://img.a.transfermarkt.technology/portrait/header/439-1602054396.jpg;https://upload.wikimedia.org/wikipedia/commons/thumb/d/de/RK_1009_9831_Volksparkstadion.jpg/960px-RK_1009_9831_Volksparkstadion.jpg;https://tmssl.akamaized.net//images/wappen/homepageWappen150x150/3442.png?lm=1622017902;White;https://tmssl.akamaized.net//images/wappen/homepageWappen150x150/3379.png?lm=1622017585;Blue
3930159;15/06/2024;15/06/2024 13:00;1;3;available;available;01/05/2026 19:45;01/05/2026 19:50;1;55;Europe;UEFA Euro;282;2024;916;Hungary;male;;103;Hungary;3616;Marco Rossi;Marco Rossi;09/09/1964;112;Italy;773;Switzerland;male;;221;Switzerland;2832;Murat Yakin;Murat Yakin;15/09/1974;221;Switzerland;110;2;2;10;Group Stage;363;RheinEnergieStadion;85;Germany;943;Slavko Vinčić;208;Slovenia;Hungary vs. Switzerland;https://img.a.transfermarkt.technology/portrait/header/1931-1669125075.jpg;https://img.a.transfermarkt.technology/portrait/header/16090-1623163013.jpg?lm=1;https://img.a.transfermarkt.technology/portrait/header/3240-1662410572.jpg;https://upload.wikimedia.org/wikipedia/commons/thumb/d/db/Rhein_Energie_Stadion_Luftbild_-_aerial_%2820152327046%29.jpg/960px-Rhein_Energie_Stadion_Luftbild_-_aerial_%2820152327046%29.jpg;https://tmssl.akamaized.net//images/wappen/homepageWappen150x150/3468.png?lm=16220182454;Red;https://tmssl.akamaized.net//images/wappen/homepageWappen150x150/3384.png?lm=1622018943;#000080 
3942227;06/07/2024;06/07/2024 16:00;1;1;available;available;28/04/2026 18:36;28/04/2026 18:37;5;55;Europe;UEFA Euro;282;2024;768;England;male;;68;England;277;Gareth Southgate;Gareth Southgate;03/09/1970;68;England;773;Switzerland;male;;221;Switzerland;2832;Murat Yakin;Murat Yakin;15/09/1974;221;Switzerland;110;2;2;11;Quarter-finals;4866;Merkur Spiel-Arena;85;Germany;269;Daniele Orsato;112;Italy;England vs. Switzerland;https://img.a.transfermarkt.technology/portrait/header/r_906_75_2012_1.jpg;https://img.a.transfermarkt.technology/portrait/header/3358-1528450702.jpg;https://img.a.transfermarkt.technology/portrait/header/3240-1662410572.jpg;https://upload.wikimedia.org/wikipedia/commons/thumb/6/61/Merkur-Spiel-Arena.jpg/960px-Merkur-Spiel-Arena.jpg;https://tmssl.akamaized.net//images/wappen/homepageWappen150x150/3299.png?lm=1622017648;White;https://tmssl.akamaized.net//images/wappen/homepageWappen150x150/3384.png?lm=1622018943;#000080 
3930169;19/06/2024;19/06/2024 19:00;1;1;available;available;01/05/2026 19:45;01/05/2026 19:47;2;55;Europe;UEFA Euro;282;2024;942;Scotland;male;;201;Scotland;510;Steve Clarke;Steve Clarke;29/08/1963;201;Scotland;773;Switzerland;male;;221;Switzerland;2832;Murat Yakin;Murat Yakin;15/09/1974;221;Switzerland;110;2;2;10;Group Stage;363;RheinEnergieStadion;85;Germany;941;Ivan Kružliak;207;Slovakia;Scotland vs. Switzerland;https://img.a.transfermarkt.technology/portrait/header/3374-1759354210.jpg;https://img.a.transfermarkt.technology/portrait/header/2638-1697449814.jpg;https://img.a.transfermarkt.technology/portrait/header/3240-1662410572.jpg;https://upload.wikimedia.org/wikipedia/commons/thumb/d/db/Rhein_Energie_Stadion_Luftbild_-_aerial_%2820152327046%29.jpg/960px-Rhein_Energie_Stadion_Luftbild_-_aerial_%2820152327046%29.jpg;https://tmssl.akamaized.net//images/wappen/homepageWappen150x150/3380.png?lm=1622018396;Navy;https://tmssl.akamaized.net//images/wappen/homepageWappen150x150/3384.png?lm=1622018943;#000080 
3930181;25/06/2024;25/06/2024 19:00;0;0;available;available;01/05/2026 19:48;01/05/2026 19:50;3;55;Europe;UEFA Euro;282;2024;768;England;male;;68;England;277;Gareth Southgate;Gareth Southgate;03/09/1970;68;England;944;Slovenia;male;;208;Slovenia;1733;Matjaž Kek;Matjaž Kek;09/09/1961;208;Slovenia;110;2;2;10;Group Stage;363;RheinEnergieStadion;85;Germany;76;Clément Turpin;78;France;England vs. Slovenia;https://img.a.transfermarkt.technology/portrait/header/1276-1526479752.jpg;https://img.a.transfermarkt.technology/portrait/header/3358-1528450702.jpg;https://img.a.transfermarkt.technology/portrait/header/1519-1697643586.jpg;https://upload.wikimedia.org/wikipedia/commons/thumb/d/db/Rhein_Energie_Stadion_Luftbild_-_aerial_%2820152327046%29.jpg/960px-Rhein_Energie_Stadion_Luftbild_-_aerial_%2820152327046%29.jpg;https://tmssl.akamaized.net//images/wappen/homepageWappen150x150/3299.png?lm=1622017648;White;https://tmssl.akamaized.net//images/wappen/homepageWappen150x150/3588.png?lm=1718570048;LightBlue
3938643;25/06/2024;25/06/2024 16:00;1;1;available;available;01/05/2026 9:32;01/05/2026 9:37;3;55;Europe;UEFA Euro;282;2024;771;France;male;;78;France;545;Didier Deschamps;Didier Deschamps;15/10/1968;78;France;789;Poland;male;;182;Poland;363;Michał Probierz;Michał Probierz;24/09/1972;182;Poland;110;2;2;10;Group Stage;373;Signal-Iduna-Park;85;Germany;261;Marco Guida;112;Italy;France vs. Poland;https://img.a.transfermarkt.technology/portrait/header/r_3408_75_2012_1.jpg;https://img.a.transfermarkt.technology/portrait/header/1229-1564582636.jpg;https://img.a.transfermarkt.technology/portrait/header/3623-1695204485.jpg;https://upload.wikimedia.org/wikipedia/commons/thumb/1/13/Signal_iduna_park_stadium_dortmund_4.jpg/960px-Signal_iduna_park_stadium_dortmund_4.jpg;https://tmssl.akamaized.net//images/wappen/homepageWappen150x150/3377.png?lm=1622018076;Blue;https://tmssl.akamaized.net//images/wappen/homepageWappen150x150/3442.png?lm=1622017902;Red
3941019;01/07/2024;01/07/2024 16:00;1;0;available;available;28/04/2026 18:43;28/04/2026 18:46;4;55;Europe;UEFA Euro;282;2024;771;France;male;;78;France;545;Didier Deschamps;Didier Deschamps;15/10/1968;78;France;782;Belgium;male;;22;Belgium;48;Domenico Tedesco;Domenico Tedesco;12/09/1985;85;Germany;110;2;2;33;Round of 16;4866;Merkur Spiel-Arena;85;Germany;1062;Glenn Nyberg;220;Sweden;France vs. Belgium;https://img.a.transfermarkt.technology/portrait/header/6257-1704125841.png;https://img.a.transfermarkt.technology/portrait/header/1229-1564582636.jpg;https://img.a.transfermarkt.technology/portrait/header/30857-1675845432.jpg;https://upload.wikimedia.org/wikipedia/commons/thumb/6/61/Merkur-Spiel-Arena.jpg/960px-Merkur-Spiel-Arena.jpg;https://tmssl.akamaized.net//images/wappen/homepageWappen150x150/3377.png?lm=1622018076;Blue;https://tmssl.akamaized.net//images/wappen/homepageWappen150x150/3382.png?lm=1687529949;LightBlue
3930176;23/06/2024;23/06/2024 19:00;1;1;available;available;01/05/2026 19:54;01/05/2026 19:58;3;55;Europe;UEFA Euro;282;2024;773;Switzerland;male;;221;Switzerland;2832;Murat Yakin;Murat Yakin;15/09/1974;221;Switzerland;770;Germany;male;;85;Germany;445;Julian Nagelsmann;Julian Nagelsmann;23/07/1987;85;Germany;110;2;2;10;Group Stage;116458;Deutsche Bank Park;85;Germany;269;Daniele Orsato;112;Italy;Switzerland vs. Germany;https://img.a.transfermarkt.technology/portrait/header/r_906_75_2012_1.jpg;https://img.a.transfermarkt.technology/portrait/header/3240-1662410572.jpg;https://img.a.transfermarkt.technology/portrait/header/8402-1782807536.jpg;https://upload.wikimedia.org/wikipedia/commons/thumb/4/4e/Waldstadion_match_Eintracht_Frankfurt_-_Wolfsburg_2023-24.jpg/960px-Waldstadion_match_Eintracht_Frankfurt_-_Wolfsburg_2023-24.jpg;https://tmssl.akamaized.net//images/wappen/homepageWappen150x150/3384.png?lm=1622018943;Red;https://tmssl.akamaized.net//images/wappen/homepageWappen150x150/3262.png?lm=1622018129;Pink
3938640;21/06/2024;21/06/2024 13:00;1;2;available;available;01/05/2026 9:30;01/05/2026 9:33;2;55;Europe;UEFA Euro;282;2024;908;Slovakia;male;;207;Slovakia;1002171;Francesco Calzona;Francesco Calzona;24/10/1968;112;Italy;911;Ukraine;male;;238;Ukraine;2672;Sergiy Rebrov;Sergiy Rebrov;03/06/1974;238;Ukraine;110;2;2;10;Group Stage;4866;Merkur Spiel-Arena;85;Germany;1;Michael Oliver;68;England;Slovakia vs. Ukraine;https://img.a.transfermarkt.technology/portrait/header/902-1682343711.jpg;https://img.a.transfermarkt.technology/portrait/header/33804-1697643746.jpg;https://img.a.transfermarkt.technology/portrait/header/10892-1686730920.jpg;https://upload.wikimedia.org/wikipedia/commons/thumb/6/61/Merkur-Spiel-Arena.jpg/960px-Merkur-Spiel-Arena.jpg;https://tmssl.akamaized.net//images/wappen/homepageWappen150x150/3503.png?lm=1622018195;#0B4EA2;https://tmssl.akamaized.net//images/wappen/homepageWappen150x150/3699.png?lm=1622018584;#F2F2F2 
3938638;17/06/2024;17/06/2024 13:00;3;0;available;available;01/05/2026 9:27;01/05/2026 9:28;1;55;Europe;UEFA Euro;282;2024;905;Romania;male;;187;Romania;6237;Edward Iordănescu;Edward Iordănescu;16/06/1978;187;Romania;911;Ukraine;male;;238;Ukraine;2672;Sergiy Rebrov;Sergiy Rebrov;03/06/1974;238;Ukraine;110;2;2;10;Group Stage;4867;Allianz Arena;85;Germany;1062;Glenn Nyberg;220;Sweden;Romania vs. Ukraine;https://img.a.transfermarkt.technology/portrait/header/6257-1704125841.png;https://img.a.transfermarkt.technology/portrait/header/22740-1701174927.jpg;https://img.a.transfermarkt.technology/portrait/header/10892-1686730920.jpg;https://upload.wikimedia.org/wikipedia/commons/thumb/d/dc/Allianz_Arena_%28Bayern_Munich%29.jpg/960px-Allianz_Arena_%28Bayern_Munich%29.jpg;https://tmssl.akamaized.net//images/wappen/homepageWappen150x150/3447.png?lm=1510996625;Yellow;https://tmssl.akamaized.net//images/wappen/homepageWappen150x150/3699.png?lm=1622018584;#F2F2F2 
3942382;06/07/2024;06/07/2024 19:00;2;1;available;available;29/04/2026 1:42;29/04/2026 1:43;5;55;Europe;UEFA Euro;282;2024;941;Netherlands;male;;160;Netherlands;676;Ronald Koeman;Ronald Koeman;21/03/1963;160;Netherlands;909;Turkey;male;;233;Turkey;232;Vincenzo Montella;Vincenzo Montella;18/06/1974;112;Italy;110;2;2;11;Quarter-finals;367;Olympiastadion Berlin;85;Germany;76;Clément Turpin;78;France;Netherlands vs. Turkey;https://img.a.transfermarkt.technology/portrait/header/1276-1526479752.jpg;https://img.a.transfermarkt.technology/portrait/header/439-1602054396.jpg;https://img.a.transfermarkt.technology/portrait/header/11795-1774434145.png;https://upload.wikimedia.org/wikipedia/commons/thumb/8/81/Olympiastadion_Berlin_Sep-2015.jpg/960px-Olympiastadion_Berlin_Sep-2015.jpg;https://tmssl.akamaized.net//images/wappen/homepageWappen150x150/3379.png?lm=1622017585;#FF4F00;https://tmssl.akamaized.net//images/wappen/homepageWappen150x150/3381.png?lm=1410168898;White
3930178;24/06/2024;24/06/2024 19:00;1;1;available;available;01/05/2026 19:45;01/05/2026 19:46;3;55;Europe;UEFA Euro;282;2024;785;Croatia;male;;56;Croatia;307;Zlatko Dalić;Zlatko Dalić;26/10/1966;56;Croatia;914;Italy;male;;112;Italy;399;Luciano Spalletti;Luciano Spalletti;07/03/1959;112;Italy;110;2;2;10;Group Stage;376;Red Bull Arena;85;Germany;293;Danny Desmond Makkelie;160;Netherlands;Croatia vs. Italy;https://img.a.transfermarkt.technology/portrait/header/1239-1669624588.jpg;https://img.a.transfermarkt.technology/portrait/header/2711-1669199027.jpg;https://img.a.transfermarkt.technology/portrait/header/517-1663926783.jpg;https://upload.wikimedia.org/wikipedia/commons/thumb/c/ca/Leipzig_stadium.jpg/960px-Leipzig_stadium.jpg;https://tmssl.akamaized.net//images/wappen/homepageWappen150x150/3556.png?lm=1622018504;Red;https://tmssl.akamaized.net//images/wappen/homepageWappen150x150/3376.png?lm=1672672799;White
3930170;20/06/2024;20/06/2024 13:00;1;1;available;available;01/05/2026 19:50;01/05/2026 19:56;2;55;Europe;UEFA Euro;282;2024;944;Slovenia;male;;208;Slovenia;1733;Matjaž Kek;Matjaž Kek;09/09/1961;208;Slovenia;786;Serbia;male;;203;Serbia;5908;Dragan Stojković;Dragan Stojković;03/03/1965;203;Serbia;110;2;2;10;Group Stage;4867;Allianz Arena;85;Germany;1011397;István Kovács;187;Romania;Slovenia vs. Serbia;https://img.a.transfermarkt.technology/portrait/header/1225-1669624676.jpg;https://img.a.transfermarkt.technology/portrait/header/1519-1697643586.jpg;https://img.a.transfermarkt.technology/portrait/header/5528-1716240439.jpg;https://upload.wikimedia.org/wikipedia/commons/thumb/d/dc/Allianz_Arena_%28Bayern_Munich%29.jpg/960px-Allianz_Arena_%28Bayern_Munich%29.jpg;https://tmssl.akamaized.net//images/wappen/homepageWappen150x150/3588.png?lm=1718570048;White;https://tmssl.akamaized.net//images/wappen/homepageWappen150x150/3438.png?lm=1410170856;Blue
3930162;16/06/2024;16/06/2024 16:00;1;1;available;available;01/05/2026 19:49;01/05/2026 19:50;1;55;Europe;UEFA Euro;282;2024;944;Slovenia;male;;208;Slovenia;1733;Matjaž Kek;Matjaž Kek;09/09/1961;208;Slovenia;776;Denmark;male;;61;Denmark;255;Kasper Hjulmand;Kasper Hjulmand;09/04/1972;61;Denmark;110;2;2;10;Group Stage;369;MHPArena;85;Germany;116;Sandro Schärer;221;Switzerland;Slovenia vs. Denmark;https://img.a.transfermarkt.technology/portrait/header/4793-1758471638.jpg;https://img.a.transfermarkt.technology/portrait/header/1519-1697643586.jpg;https://img.a.transfermarkt.technology/portrait/header/5372-1662410349.jpg;https://upload.wikimedia.org/wikipedia/commons/thumb/7/7f/Stuttgart_stadium.jpg/960px-Stuttgart_stadium.jpg;https://tmssl.akamaized.net//images/wappen/homepageWappen150x150/3588.png?lm=1718570048;White;https://tmssl.akamaized.net//images/wappen/homepageWappen150x150/3436.png?lm=1622018897;#E31B23 
3938641;21/06/2024;21/06/2024 16:00;1;3;available;available;01/05/2026 9:29;01/05/2026 9:30;2;55;Europe;UEFA Euro;282;2024;789;Poland;male;;182;Poland;363;Michał Probierz;Michał Probierz;24/09/1972;182;Poland;915;Austria;male;;15;Austria;380;Ralf Rangnick;Ralf Rangnick;29/06/1958;85;Germany;110;2;2;10;Group Stage;367;Olympiastadion Berlin;85;Germany;845;Halil Umut Meler;233;Turkey;Poland vs. Austria;https://img.a.transfermarkt.technology/portrait/header/10014-1741099617.jpg;https://img.a.transfermarkt.technology/portrait/header/3623-1695204485.jpg;https://img.a.transfermarkt.technology/portrait/header/196-1713864951.jpg;https://upload.wikimedia.org/wikipedia/commons/thumb/8/81/Olympiastadion_Berlin_Sep-2015.jpg/960px-Olympiastadion_Berlin_Sep-2015.jpg;https://tmssl.akamaized.net//images/wappen/homepageWappen150x150/3442.png?lm=1622017902;White;https://tmssl.akamaized.net//images/wappen/homepageWappen150x150/3383.png?lm=1761142083;Turquoise
3938639;18/06/2024;18/06/2024 16:00;3;1;available;available;01/05/2026 9:28;01/05/2026 9:31;1;55;Europe;UEFA Euro;282;2024;909;Turkey;male;;233;Turkey;232;Vincenzo Montella;Vincenzo Montella;18/06/1974;112;Italy;2138;Georgia;male;;84;Georgia;752;Willy Sagnol;Willy Sagnol;18/03/1977;78;France;110;2;2;10;Group Stage;373;Signal-Iduna-Park;85;Germany;1094;Facundo Tello Figueroa;11;Argentina;Turkey vs. Georgia;https://img.a.transfermarkt.technology/portrait/header/15794-1669283571.jpg?lm=1;https://img.a.transfermarkt.technology/portrait/header/11795-1774434145.png;https://img.a.transfermarkt.technology/portrait/header/12806-1716542795.jpg;https://upload.wikimedia.org/wikipedia/commons/thumb/1/13/Signal_iduna_park_stadium_dortmund_4.jpg/960px-Signal_iduna_park_stadium_dortmund_4.jpg;https://tmssl.akamaized.net//images/wappen/homepageWappen150x150/3381.png?lm=1410168898;Red;https://tmssl.akamaized.net//images/wappen/homepageWappen150x150/3669.png?lm=1687622148;Black
3942349;05/07/2024;05/07/2024 19:00;0;0;available;available;29/04/2026 1:41;29/04/2026 1:43;5;55;Europe;UEFA Euro;282;2024;780;Portugal;male;;183;Portugal;263;Roberto Martínez Montoliú;Roberto Martínez;13/07/1973;214;Spain;771;France;male;;78;France;545;Didier Deschamps;Didier Deschamps;15/10/1968;78;France;110;2;2;11;Quarter-finals;379;Volksparkstadion;85;Germany;1;Michael Oliver;68;England;Portugal vs. France;https://img.a.transfermarkt.technology/portrait/header/902-1682343711.jpg;https://img.a.transfermarkt.technology/portrait/header/4328-1673266584.jpg;https://img.a.transfermarkt.technology/portrait/header/1229-1564582636.jpg;https://upload.wikimedia.org/wikipedia/commons/thumb/d/de/RK_1009_9831_Volksparkstadion.jpg/960px-RK_1009_9831_Volksparkstadion.jpg;https://tmssl.akamaized.net//images/wappen/homepageWappen150x150/3300.png?lm=1622018324;Red;https://tmssl.akamaized.net//images/wappen/homepageWappen150x150/3377.png?lm=1622018076;White
3930180;25/06/2024;25/06/2024 16:00;2;3;available;available;01/05/2026 19:49;01/05/2026 19:51;3;55;Europe;UEFA Euro;282;2024;941;Netherlands;male;;160;Netherlands;676;Ronald Koeman;Ronald Koeman;21/03/1963;160;Netherlands;915;Austria;male;;15;Austria;380;Ralf Rangnick;Ralf Rangnick;29/06/1958;85;Germany;110;2;2;10;Group Stage;367;Olympiastadion Berlin;85;Germany;941;Ivan Kružliak;207;Slovakia;Netherlands vs. Austria;https://img.a.transfermarkt.technology/portrait/header/3374-1759354210.jpg;https://img.a.transfermarkt.technology/portrait/header/439-1602054396.jpg;https://img.a.transfermarkt.technology/portrait/header/196-1713864951.jpg;https://upload.wikimedia.org/wikipedia/commons/thumb/8/81/Olympiastadion_Berlin_Sep-2015.jpg/960px-Olympiastadion_Berlin_Sep-2015.jpg;https://tmssl.akamaized.net//images/wappen/homepageWappen150x150/3379.png?lm=1622017585;#FF4F00;https://tmssl.akamaized.net//images/wappen/homepageWappen150x150/3383.png?lm=1761142083;Turquoise
3930171;20/06/2024;20/06/2024 16:00;1;1;available;available;01/05/2026 19:47;01/05/2026 19:52;2;55;Europe;UEFA Euro;282;2024;776;Denmark;male;;61;Denmark;255;Kasper Hjulmand;Kasper Hjulmand;09/04/1972;61;Denmark;768;England;male;;68;England;277;Gareth Southgate;Gareth Southgate;03/09/1970;68;England;110;2;2;10;Group Stage;116458;Deutsche Bank Park;85;Germany;2445;Artur Manuel Ribeiro Soares Dias;183;Portugal;Denmark vs. England;https://img.a.transfermarkt.technology/portrait/header/186-1426003836.jpg;https://img.a.transfermarkt.technology/portrait/header/5372-1662410349.jpg;https://img.a.transfermarkt.technology/portrait/header/3358-1528450702.jpg;https://upload.wikimedia.org/wikipedia/commons/thumb/4/4e/Waldstadion_match_Eintracht_Frankfurt_-_Wolfsburg_2023-24.jpg/960px-Waldstadion_match_Eintracht_Frankfurt_-_Wolfsburg_2023-24.jpg;https://tmssl.akamaized.net//images/wappen/homepageWappen150x150/3436.png?lm=1622018897;Red;https://tmssl.akamaized.net//images/wappen/homepageWappen150x150/3299.png?lm=1622017648;#4D294C
3942226;05/07/2024;05/07/2024 16:00;2;1;available;available;28/04/2026 18:47;28/04/2026 18:48;5;55;Europe;UEFA Euro;282;2024;772;Spain;male;;214;Spain;5588;Luis de la Fuente Castillo;Luis de la Fuente;21/06/1961;214;Spain;770;Germany;male;;85;Germany;445;Julian Nagelsmann;Julian Nagelsmann;23/07/1987;85;Germany;110;2;2;11;Quarter-finals;369;MHPArena;85;Germany;8;Anthony Taylor;68;England;Spain vs. Germany;https://img.a.transfermarkt.technology/portrait/header/847-1669666125.jpg;https://img.a.transfermarkt.technology/portrait/header/20031-1697644064.jpg;https://img.a.transfermarkt.technology/portrait/header/8402-1782807536.jpg;https://upload.wikimedia.org/wikipedia/commons/thumb/7/7f/Stuttgart_stadium.jpg/960px-Stuttgart_stadium.jpg;https://tmssl.akamaized.net//images/wappen/homepageWappen150x150/3375.png?lm=1616885373;Red;https://tmssl.akamaized.net//images/wappen/homepageWappen150x150/3262.png?lm=1622018129;Pink
3938645;26/06/2024;26/06/2024 16:00;0;0;available;available;01/05/2026 9:34;01/05/2026 9:36;3;55;Europe;UEFA Euro;282;2024;911;Ukraine;male;;238;Ukraine;2672;Sergiy Rebrov;Sergiy Rebrov;03/06/1974;238;Ukraine;782;Belgium;male;;22;Belgium;48;Domenico Tedesco;Domenico Tedesco;12/09/1985;85;Germany;110;2;2;10;Group Stage;369;MHPArena;85;Germany;8;Anthony Taylor;68;England;Ukraine vs. Belgium;https://img.a.transfermarkt.technology/portrait/header/847-1669666125.jpg;https://img.a.transfermarkt.technology/portrait/header/10892-1686730920.jpg;https://img.a.transfermarkt.technology/portrait/header/30857-1675845432.jpg;https://upload.wikimedia.org/wikipedia/commons/thumb/7/7f/Stuttgart_stadium.jpg/960px-Stuttgart_stadium.jpg;https://tmssl.akamaized.net//images/wappen/homepageWappen150x150/3699.png?lm=1622018584;Yellow;https://tmssl.akamaized.net//images/wappen/homepageWappen150x150/3382.png?lm=1687529949;LightBlue
3930184;26/06/2024;26/06/2024 22:00;1;2;available;available;15/08/2024 15:36;09/09/2024 9:27;3;55;Europe;UEFA Euro;282;2024;912;Czech Republic;male;;60;Czech Republic;1000468;Ivan Hašek;Ivan Hašek;06/09/1963;60;Czech Republic;909;Turkey;male;;233;Turkey;232;Vincenzo Montella;Vincenzo Montella;18/06/1974;112;Italy;110;2;2;10;Group Stage;379;Volksparkstadion;85;Germany;1011397;István Kovács;187;Romania;Czech Republic vs. Turkey;https://img.a.transfermarkt.technology/portrait/header/1225-1669624676.jpg;https://img.a.transfermarkt.technology/portrait/header/3263-1716966419.jpg;https://img.a.transfermarkt.technology/portrait/header/11795-1774434145.png;https://upload.wikimedia.org/wikipedia/commons/thumb/d/de/RK_1009_9831_Volksparkstadion.jpg/960px-RK_1009_9831_Volksparkstadion.jpg;https://tmssl.akamaized.net//images/wappen/homepageWappen150x150/3445.png?lm=1622017760;Red;https://tmssl.akamaized.net//images/wappen/homepageWappen150x150/3381.png?lm=1410168898;White
3941022;02/07/2024;02/07/2024 19:00;1;2;available;available;28/04/2026 18:45;28/04/2026 18:48;4;55;Europe;UEFA Euro;282;2024;915;Austria;male;;15;Austria;380;Ralf Rangnick;Ralf Rangnick;29/06/1958;85;Germany;909;Turkey;male;;233;Turkey;232;Vincenzo Montella;Vincenzo Montella;18/06/1974;112;Italy;110;2;2;33;Round of 16;376;Red Bull Arena;85;Germany;2445;Artur Manuel Ribeiro Soares Dias;183;Portugal;Austria vs. Turkey;https://img.a.transfermarkt.technology/portrait/header/186-1426003836.jpg;https://img.a.transfermarkt.technology/portrait/header/196-1713864951.jpg;https://img.a.transfermarkt.technology/portrait/header/11795-1774434145.png;https://upload.wikimedia.org/wikipedia/commons/thumb/c/ca/Leipzig_stadium.jpg/960px-Leipzig_stadium.jpg;https://tmssl.akamaized.net//images/wappen/homepageWappen150x150/3383.png?lm=1761142083;Red;https://tmssl.akamaized.net//images/wappen/homepageWappen150x150/3381.png?lm=1410168898;White
3941021;02/07/2024;02/07/2024 16:00;0;3;available;available;28/04/2026 18:44;28/04/2026 18:46;4;55;Europe;UEFA Euro;282;2024;905;Romania;male;;187;Romania;6237;Edward Iordănescu;Edward Iordănescu;16/06/1978;187;Romania;941;Netherlands;male;;160;Netherlands;676;Ronald Koeman;Ronald Koeman;21/03/1963;160;Netherlands;110;2;2;33;Round of 16;4867;Allianz Arena;85;Germany;241;Felix Zwayer;85;Germany;Romania vs. Netherlands;https://img.a.transfermarkt.technology/portrait/header/124-1581064353.jpg;https://img.a.transfermarkt.technology/portrait/header/22740-1701174927.jpg;https://img.a.transfermarkt.technology/portrait/header/439-1602054396.jpg;https://upload.wikimedia.org/wikipedia/commons/thumb/d/dc/Allianz_Arena_%28Bayern_Munich%29.jpg/960px-Allianz_Arena_%28Bayern_Munich%29.jpg;https://tmssl.akamaized.net//images/wappen/homepageWappen150x150/3447.png?lm=1510996625;Yellow;https://tmssl.akamaized.net//images/wappen/homepageWappen150x150/3379.png?lm=1622017585;Blue
3941020;01/07/2024;01/07/2024 19:00;0;0;available;available;28/04/2026 18:42;28/04/2026 18:43;4;55;Europe;UEFA Euro;282;2024;780;Portugal;male;;183;Portugal;263;Roberto Martínez Montoliú;Roberto Martínez;13/07/1973;214;Spain;944;Slovenia;male;;208;Slovenia;1733;Matjaž Kek;Matjaž Kek;09/09/1961;208;Slovenia;110;2;2;33;Round of 16;116458;Deutsche Bank Park;85;Germany;269;Daniele Orsato;112;Italy;Portugal vs. Slovenia;https://img.a.transfermarkt.technology/portrait/header/r_906_75_2012_1.jpg;https://img.a.transfermarkt.technology/portrait/header/4328-1673266584.jpg;https://img.a.transfermarkt.technology/portrait/header/1519-1697643586.jpg;https://upload.wikimedia.org/wikipedia/commons/thumb/4/4e/Waldstadion_match_Eintracht_Frankfurt_-_Wolfsburg_2023-24.jpg/960px-Waldstadion_match_Eintracht_Frankfurt_-_Wolfsburg_2023-24.jpg;https://tmssl.akamaized.net//images/wappen/homepageWappen150x150/3300.png?lm=1622018324;Red;https://tmssl.akamaized.net//images/wappen/homepageWappen150x150/3588.png?lm=1718570048;LightBlue
3941018;30/06/2024;30/06/2024 19:00;4;1;available;available;28/04/2026 18:39;28/04/2026 18:40;4;55;Europe;UEFA Euro;282;2024;772;Spain;male;;214;Spain;5588;Luis de la Fuente Castillo;Luis de la Fuente;21/06/1961;214;Spain;2138;Georgia;male;;84;Georgia;752;Willy Sagnol;Willy Sagnol;18/03/1977;78;France;110;2;2;33;Round of 16;363;RheinEnergieStadion;85;Germany;79;François Letexier;78;France;Spain vs. Georgia;https://img.a.transfermarkt.technology/portrait/header/14311-1696540465.jpg;https://img.a.transfermarkt.technology/portrait/header/20031-1697644064.jpg;https://img.a.transfermarkt.technology/portrait/header/12806-1716542795.jpg;https://upload.wikimedia.org/wikipedia/commons/thumb/d/db/Rhein_Energie_Stadion_Luftbild_-_aerial_%2820152327046%29.jpg/960px-Rhein_Energie_Stadion_Luftbild_-_aerial_%2820152327046%29.jpg;https://tmssl.akamaized.net//images/wappen/homepageWappen150x150/3375.png?lm=1616885373;Red;https://tmssl.akamaized.net//images/wappen/homepageWappen150x150/3669.png?lm=1687622148;Black
3941017;30/06/2024;30/06/2024 16:00;2;1;available;available;28/04/2026 18:41;28/04/2026 18:44;4;55;Europe;UEFA Euro;282;2024;768;England;male;;68;England;277;Gareth Southgate;Gareth Southgate;03/09/1970;68;England;908;Slovakia;male;;207;Slovakia;1002171;Francesco Calzona;Francesco Calzona;24/10/1968;112;Italy;110;2;2;33;Round of 16;370;VELTINS-Arena;85;Germany;845;Halil Umut Meler;233;Turkey;England vs. Slovakia;https://img.a.transfermarkt.technology/portrait/header/10014-1741099617.jpg;https://img.a.transfermarkt.technology/portrait/header/3358-1528450702.jpg;https://img.a.transfermarkt.technology/portrait/header/33804-1697643746.jpg;https://upload.wikimedia.org/wikipedia/commons/thumb/c/cd/2025-05-18_S04-SVE_%2806%29.jpg/960px-2025-05-18_S04-SVE_%2806%29.jpg;https://tmssl.akamaized.net//images/wappen/homepageWappen150x150/3299.png?lm=1622017648;White;https://tmssl.akamaized.net//images/wappen/homepageWappen150x150/3503.png?lm=1622018195;Blue
3930182;25/06/2024;25/06/2024 19:00;0;0;available;available;01/05/2026 19:47;01/05/2026 19:50;3;55;Europe;UEFA Euro;282;2024;776;Denmark;male;;61;Denmark;255;Kasper Hjulmand;Kasper Hjulmand;09/04/1972;61;Denmark;786;Serbia;male;;203;Serbia;5908;Dragan Stojković;Dragan Stojković;03/03/1965;203;Serbia;110;2;2;10;Group Stage;4867;Allianz Arena;85;Germany;79;François Letexier;78;France;Denmark vs. Serbia;https://img.a.transfermarkt.technology/portrait/header/14311-1696540465.jpg;https://img.a.transfermarkt.technology/portrait/header/5372-1662410349.jpg;https://img.a.transfermarkt.technology/portrait/header/5528-1716240439.jpg;https://upload.wikimedia.org/wikipedia/commons/thumb/d/dc/Allianz_Arena_%28Bayern_Munich%29.jpg/960px-Allianz_Arena_%28Bayern_Munich%29.jpg;https://tmssl.akamaized.net//images/wappen/homepageWappen150x150/3436.png?lm=1622018897;Red;https://tmssl.akamaized.net//images/wappen/homepageWappen150x150/3438.png?lm=1410170856;Blue
3930179;24/06/2024;24/06/2024 19:00;0;1;available;available;01/05/2026 19:46;01/05/2026 19:51;3;55;Europe;UEFA Euro;282;2024;906;Albania;male;;3;Albania;1877;Sylvio Mendes Campos Junior;Sylvinho;12/04/1974;31;Brazil;772;Spain;male;;214;Spain;5588;Luis de la Fuente Castillo;Luis de la Fuente;21/06/1961;214;Spain;110;2;2;10;Group Stage;4866;Merkur Spiel-Arena;85;Germany;1062;Glenn Nyberg;220;Sweden;Albania vs. Spain;https://img.a.transfermarkt.technology/portrait/header/6257-1704125841.png;https://img.a.transfermarkt.technology/portrait/header/24104-1701174784.jpg;https://img.a.transfermarkt.technology/portrait/header/20031-1697644064.jpg;https://upload.wikimedia.org/wikipedia/commons/thumb/6/61/Merkur-Spiel-Arena.jpg/960px-Merkur-Spiel-Arena.jpg;https://tmssl.akamaized.net//images/wappen/homepageWappen150x150/3561.png?lm=1487112156;Red;https://tmssl.akamaized.net//images/wappen/homepageWappen150x150/3375.png?lm=1616885373;Ivory
3940983;29/06/2024;29/06/2024 19:00;2;0;available;available;28/04/2026 18:38;28/04/2026 18:40;4;55;Europe;UEFA Euro;282;2024;770;Germany;male;;85;Germany;445;Julian Nagelsmann;Julian Nagelsmann;23/07/1987;85;Germany;776;Denmark;male;;61;Denmark;255;Kasper Hjulmand;Kasper Hjulmand;09/04/1972;61;Denmark;110;2;2;33;Round of 16;373;Signal-Iduna-Park;85;Germany;1;Michael Oliver;68;England;Germany vs. Denmark;https://img.a.transfermarkt.technology/portrait/header/902-1682343711.jpg;https://img.a.transfermarkt.technology/portrait/header/8402-1782807536.jpg;https://img.a.transfermarkt.technology/portrait/header/5372-1662410349.jpg;https://upload.wikimedia.org/wikipedia/commons/thumb/1/13/Signal_iduna_park_stadium_dortmund_4.jpg/960px-Signal_iduna_park_stadium_dortmund_4.jpg;https://tmssl.akamaized.net//images/wappen/homepageWappen150x150/3262.png?lm=1622018129;White;https://tmssl.akamaized.net//images/wappen/homepageWappen150x150/3436.png?lm=1622018897;#E31B23 
3940878;29/06/2024;29/06/2024 16:00;2;0;available;available;28/04/2026 18:37;28/04/2026 18:38;4;55;Europe;UEFA Euro;282;2024;773;Switzerland;male;;221;Switzerland;2832;Murat Yakin;Murat Yakin;15/09/1974;221;Switzerland;914;Italy;male;;112;Italy;399;Luciano Spalletti;Luciano Spalletti;07/03/1959;112;Italy;110;2;2;33;Round of 16;367;Olympiastadion Berlin;85;Germany;367;Szymon Marciniak;182;Poland;Switzerland vs. Italy;https://img.a.transfermarkt.technology/portrait/header/1964-1466772241.jpg;https://img.a.transfermarkt.technology/portrait/header/3240-1662410572.jpg;https://img.a.transfermarkt.technology/portrait/header/517-1663926783.jpg;https://upload.wikimedia.org/wikipedia/commons/thumb/8/81/Olympiastadion_Berlin_Sep-2015.jpg/960px-Olympiastadion_Berlin_Sep-2015.jpg;https://tmssl.akamaized.net//images/wappen/homepageWappen150x150/3384.png?lm=1622018943;Red;https://tmssl.akamaized.net//images/wappen/homepageWappen150x150/3376.png?lm=1672672799;White
3930177;23/06/2024;23/06/2024 19:00;0;1;available;available;01/05/2026 19:44;01/05/2026 19:47;3;55;Europe;UEFA Euro;282;2024;942;Scotland;male;;201;Scotland;510;Steve Clarke;Steve Clarke;29/08/1963;201;Scotland;916;Hungary;male;;103;Hungary;3616;Marco Rossi;Marco Rossi;09/09/1964;112;Italy;110;2;2;10;Group Stage;369;MHPArena;85;Germany;1094;Facundo Tello Figueroa;11;Argentina;Scotland vs. Hungary;https://img.a.transfermarkt.technology/portrait/header/15794-1669283571.jpg?lm=1;https://img.a.transfermarkt.technology/portrait/header/2638-1697449814.jpg;https://img.a.transfermarkt.technology/portrait/header/16090-1623163013.jpg?lm=1;https://upload.wikimedia.org/wikipedia/commons/thumb/7/7f/Stuttgart_stadium.jpg/960px-Stuttgart_stadium.jpg;https://tmssl.akamaized.net//images/wappen/homepageWappen150x150/3380.png?lm=1622018396;Navy;https://tmssl.akamaized.net//images/wappen/homepageWappen150x150/3468.png?lm=16220182454;#00643B
3930173;21/06/2024;21/06/2024 19:00;0;0;available;available;01/05/2026 19:51;01/05/2026 19:55;2;55;Europe;UEFA Euro;282;2024;941;Netherlands;male;;160;Netherlands;676;Ronald Koeman;Ronald Koeman;21/03/1963;160;Netherlands;771;France;male;;78;France;545;Didier Deschamps;Didier Deschamps;15/10/1968;78;France;110;2;2;10;Group Stage;5249;Trainingszentrum RB Leipzig Platz 1;85;Germany;8;Anthony Taylor;68;England;Netherlands vs. France;https://img.a.transfermarkt.technology/portrait/header/847-1669666125.jpg;https://img.a.transfermarkt.technology/portrait/header/439-1602054396.jpg;https://img.a.transfermarkt.technology/portrait/header/1229-1564582636.jpg;https://upload.wikimedia.org/wikipedia/commons/thumb/a/ab/2019-07-12_Fu%C3%9Fball%3B_Freundschaftsspiel_RB_Leipzig_-_FC_Z%C3%BCrich_1DX_0881_by_Stepro_2.png/960px-2019-07-12_Fu%C3%9Fball%3B_Freundschaftsspiel_RB_Leipzig_-_FC_Z%C3%BCrich_1DX_0881_by_Stepro_2.png;https://tmssl.akamaized.net//images/wappen/homepageWappen150x150/3379.png?lm=1622017585;#FF4F00;https://tmssl.akamaized.net//images/wappen/homepageWappen150x150/3377.png?lm=1622018076;White
3930172;20/06/2024;20/06/2024 19:00;1;0;available;available;01/05/2026 19:49;01/05/2026 19:51;2;55;Europe;UEFA Euro;282;2024;772;Spain;male;;214;Spain;5588;Luis de la Fuente Castillo;Luis de la Fuente;21/06/1961;214;Spain;914;Italy;male;;112;Italy;399;Luciano Spalletti;Luciano Spalletti;07/03/1959;112;Italy;110;2;2;10;Group Stage;370;VELTINS-Arena;85;Germany;943;Slavko Vinčić;208;Slovenia;Spain vs. Italy;https://img.a.transfermarkt.technology/portrait/header/1931-1669125075.jpg;https://img.a.transfermarkt.technology/portrait/header/20031-1697644064.jpg;https://img.a.transfermarkt.technology/portrait/header/517-1663926783.jpg;https://upload.wikimedia.org/wikipedia/commons/thumb/c/cd/2025-05-18_S04-SVE_%2806%29.jpg/960px-2025-05-18_S04-SVE_%2806%29.jpg;https://tmssl.akamaized.net//images/wappen/homepageWappen150x150/3375.png?lm=1616885373;Red;https://tmssl.akamaized.net//images/wappen/homepageWappen150x150/3376.png?lm=1672672799;White
3930167;19/06/2024;19/06/2024 13:00;2;2;available;available;01/05/2026 19:44;01/05/2026 19:48;2;55;Europe;UEFA Euro;282;2024;785;Croatia;male;;56;Croatia;307;Zlatko Dalić;Zlatko Dalić;26/10/1966;56;Croatia;906;Albania;male;;3;Albania;1877;Sylvio Mendes Campos Junior;Sylvinho;12/04/1974;31;Brazil;110;2;2;10;Group Stage;379;Volksparkstadion;85;Germany;79;François Letexier;78;France;Croatia vs. Albania;https://img.a.transfermarkt.technology/portrait/header/14311-1696540465.jpg;https://img.a.transfermarkt.technology/portrait/header/2711-1669199027.jpg;https://img.a.transfermarkt.technology/portrait/header/24104-1701174784.jpg;https://upload.wikimedia.org/wikipedia/commons/thumb/d/de/RK_1009_9831_Volksparkstadion.jpg/960px-RK_1009_9831_Volksparkstadion.jpg;https://tmssl.akamaized.net//images/wappen/homepageWappen150x150/3556.png?lm=1622018504;Red;https://tmssl.akamaized.net//images/wappen/homepageWappen150x150/3561.png?lm=1487112156;White
3930168;19/06/2024;19/06/2024 16:00;2;0;available;available;01/05/2026 19:46;01/05/2026 19:52;2;55;Europe;UEFA Euro;282;2024;770;Germany;male;;85;Germany;445;Julian Nagelsmann;Julian Nagelsmann;23/07/1987;85;Germany;916;Hungary;male;;103;Hungary;3616;Marco Rossi;Marco Rossi;09/09/1964;112;Italy;110;2;2;10;Group Stage;369;MHPArena;85;Germany;293;Danny Desmond Makkelie;160;Netherlands;Germany vs. Hungary;https://img.a.transfermarkt.technology/portrait/header/1239-1669624588.jpg;https://img.a.transfermarkt.technology/portrait/header/8402-1782807536.jpg;https://img.a.transfermarkt.technology/portrait/header/16090-1623163013.jpg?lm=1https://img.a.transfermarkt.technology/portrait/header/15794-1669283571.jpg?lm=1;https://upload.wikimedia.org/wikipedia/commons/thumb/7/7f/Stuttgart_stadium.jpg/960px-Stuttgart_stadium.jpg;https://tmssl.akamaized.net//images/wappen/homepageWappen150x150/3262.png?lm=1622018129;White;https://tmssl.akamaized.net//images/wappen/homepageWappen150x150/3468.png?lm=16220182454;#00643B
3930165;17/06/2024;17/06/2024 19:00;0;1;available;available;01/05/2026 19:50;01/05/2026 19:54;1;55;Europe;UEFA Euro;282;2024;915;Austria;male;;15;Austria;380;Ralf Rangnick;Ralf Rangnick;29/06/1958;85;Germany;771;France;male;;78;France;545;Didier Deschamps;Didier Deschamps;15/10/1968;78;France;110;2;2;10;Group Stage;4866;Merkur Spiel-Arena;85;Germany;183;Jesús Gil Manzano;214;Spain;Austria vs. France;https://img.a.transfermarkt.technology/portrait/header/3490-1490021861.jpg;https://img.a.transfermarkt.technology/portrait/header/196-1713864951.jpg;https://img.a.transfermarkt.technology/portrait/header/1229-1564582636.jpg;https://upload.wikimedia.org/wikipedia/commons/thumb/6/61/Merkur-Spiel-Arena.jpg/960px-Merkur-Spiel-Arena.jpg;https://tmssl.akamaized.net//images/wappen/homepageWappen150x150/3383.png?lm=1761142083;Red;https://tmssl.akamaized.net//images/wappen/homepageWappen150x150/3377.png?lm=1622018076;White
3930164;17/06/2024;17/06/2024 16:00;0;1;available;available;01/05/2026 19:51;01/05/2026 19:54;1;55;Europe;UEFA Euro;282;2024;782;Belgium;male;;22;Belgium;48;Domenico Tedesco;Domenico Tedesco;12/09/1985;85;Germany;908;Slovakia;male;;207;Slovakia;1002171;Francesco Calzona;Francesco Calzona;24/10/1968;112;Italy;110;2;2;10;Group Stage;116458;Deutsche Bank Park;85;Germany;845;Halil Umut Meler;233;Turkey;Belgium vs. Slovakia;https://img.a.transfermarkt.technology/portrait/header/10014-1741099617.jpg;https://img.a.transfermarkt.technology/portrait/header/30857-1675845432.jpg;https://img.a.transfermarkt.technology/portrait/header/33804-1697643746.jpg;https://upload.wikimedia.org/wikipedia/commons/thumb/4/4e/Waldstadion_match_Eintracht_Frankfurt_-_Wolfsburg_2023-24.jpg/960px-Waldstadion_match_Eintracht_Frankfurt_-_Wolfsburg_2023-24.jpg;https://tmssl.akamaized.net//images/wappen/homepageWappen150x150/3382.png?lm=1687529949;#B31023 ;https://tmssl.akamaized.net//images/wappen/homepageWappen150x150/3503.png?lm=1622018195;Blue
3930161;15/06/2024;15/06/2024 19:00;2;1;available;available;01/05/2026 19:47;01/05/2026 19:51;1;55;Europe;UEFA Euro;282;2024;914;Italy;male;;112;Italy;399;Luciano Spalletti;Luciano Spalletti;07/03/1959;112;Italy;906;Albania;male;;3;Albania;1877;Sylvio Mendes Campos Junior;Sylvinho;12/04/1974;31;Brazil;110;2;2;10;Group Stage;373;Signal-Iduna-Park;85;Germany;241;Felix Zwayer;85;Germany;Italy vs. Albania;https://img.a.transfermarkt.technology/portrait/header/124-1581064353.jpg;https://img.a.transfermarkt.technology/portrait/header/517-1663926783.jpg;https://img.a.transfermarkt.technology/portrait/header/24104-1701174784.jpg;https://upload.wikimedia.org/wikipedia/commons/thumb/1/13/Signal_iduna_park_stadium_dortmund_4.jpg/960px-Signal_iduna_park_stadium_dortmund_4.jpg;https://tmssl.akamaized.net//images/wappen/homepageWappen150x150/3376.png?lm=1672672799;Blue;https://tmssl.akamaized.net//images/wappen/homepageWappen150x150/3561.png?lm=1487112156;White
3930183;26/06/2024;26/06/2024 16:00;1;1;available;available;01/05/2026 19:50;01/05/2026 19:54;3;55;Europe;UEFA Euro;282;2024;908;Slovakia;male;;207;Slovakia;1002171;Francesco Calzona;Francesco Calzona;24/10/1968;112;Italy;905;Romania;male;;187;Romania;6237;Edward Iordănescu;Edward Iordănescu;16/06/1978;187;Romania;110;2;2;10;Group Stage;116458;Deutsche Bank Park;85;Germany;225;Daniel Siebert;85;Germany;Slovakia vs. Romania;https://img.a.transfermarkt.technology/portrait/header/732-1544186403.jpg;https://img.a.transfermarkt.technology/portrait/header/33804-1697643746.jpg;https://img.a.transfermarkt.technology/portrait/header/22740-1701174927.jpg;https://upload.wikimedia.org/wikipedia/commons/thumb/4/4e/Waldstadion_match_Eintracht_Frankfurt_-_Wolfsburg_2023-24.jpg/960px-Waldstadion_match_Eintracht_Frankfurt_-_Wolfsburg_2023-24.jpg;https://tmssl.akamaized.net//images/wappen/homepageWappen150x150/3503.png?lm=1622018195;#0B4EA2;https://tmssl.akamaized.net//images/wappen/homepageWappen150x150/3447.png?lm=1510996625;Red
3930175;22/06/2024;22/06/2024 19:00;2;0;available;available;01/05/2026 19:52;01/05/2026 19:54;2;55;Europe;UEFA Euro;282;2024;782;Belgium;male;;22;Belgium;48;Domenico Tedesco;Domenico Tedesco;12/09/1985;85;Germany;905;Romania;male;;187;Romania;6237;Edward Iordănescu;Edward Iordănescu;16/06/1978;187;Romania;110;2;2;10;Group Stage;363;RheinEnergieStadion;85;Germany;367;Szymon Marciniak;182;Poland;Belgium vs. Romania;https://img.a.transfermarkt.technology/portrait/header/1964-1466772241.jpg;https://img.a.transfermarkt.technology/portrait/header/30857-1675845432.jpg;https://img.a.transfermarkt.technology/portrait/header/22740-1701174927.jpg;https://upload.wikimedia.org/wikipedia/commons/thumb/d/db/Rhein_Energie_Stadion_Luftbild_-_aerial_%2820152327046%29.jpg/960px-Rhein_Energie_Stadion_Luftbild_-_aerial_%2820152327046%29.jpg;https://tmssl.akamaized.net//images/wappen/homepageWappen150x150/3382.png?lm=1687529949;#B31023 ;https://tmssl.akamaized.net//images/wappen/homepageWappen150x150/3447.png?lm=1510996625;Red
3930158;14/06/2024;14/06/2024 19:00;5;1;available;available;01/05/2026 19:43;01/05/2026 19:44;1;55;Europe;UEFA Euro;282;2024;770;Germany;male;;85;Germany;445;Julian Nagelsmann;Julian Nagelsmann;23/07/1987;85;Germany;942;Scotland;male;;201;Scotland;510;Steve Clarke;Steve Clarke;29/08/1963;201;Scotland;110;2;2;10;Group Stage;4867;Allianz Arena;85;Germany;76;Clément Turpin;78;France;Germany vs. Scotland;https://img.a.transfermarkt.technology/portrait/header/1276-1526479752.jpg;https://img.a.transfermarkt.technology/portrait/header/8402-1782807536.jpg;https://img.a.transfermarkt.technology/portrait/header/2638-1697449814.jpg;https://upload.wikimedia.org/wikipedia/commons/thumb/d/dc/Allianz_Arena_%28Bayern_Munich%29.jpg/960px-Allianz_Arena_%28Bayern_Munich%29.jpg;https://tmssl.akamaized.net//images/wappen/homepageWappen150x150/3262.png?lm=1622018129;White;https://tmssl.akamaized.net//images/wappen/homepageWappen150x150/3380.png?lm=1622018396;Pink
